{"file_name": "iris.csv", "number_of_observations": 150, "number_of_attributes": 4, "decision_attribute_position": 1, "attributes": {"0": {"type": "categorical", "stats": {"counts": {"0": 50, "2": 50, "1": 50}, "table": null}}, "1": {"type": "numerical", "stats": {"min": -1.870024133847019, "max": 2.4920192021244283}}, "2": {"type": "numerical", "stats": {"min": -2.4389872524918412, "max": 3.114683910677436}}, "3": {"type": "numerical", "stats": {"min": -1.5687352207168412, "max": 1.7863413146490468}}, "4": {"type": "numerical", "stats": {"min": -1.4444496972795187, "max": 1.7109015831854497}}}}